-- USERS
INSERT INTO users (username, password, role) VALUES
('alfredoulloa', '$2a$10$r9qODAv6AicXNlTZ2iyWnO4IXqGwAWB5IrMiDmG6XtYvzG8w4MheK', 'admin'),
('user1','$2a$10$r9qODAv6AicXNlTZ2iyWnO4IXqGwAWB5IrMiDmG6XtYvzG8w4MheK','admin'),
('user2','$2a$10$r9qODAv6AicXNlTZ2iyWnO4IXqGwAWB5IrMiDmG6XtYvzG8w4MheK','admin'),
('user3','$2a$10$r9qODAv6AicXNlTZ2iyWnO4IXqGwAWB5IrMiDmG6XtYvzG8w4MheK','admin'),
('user4','$2a$10$r9qODAv6AicXNlTZ2iyWnO4IXqGwAWB5IrMiDmG6XtYvzG8w4MheK','voter'),
('user5','$2a$10$r9qODAv6AicXNlTZ2iyWnO4IXqGwAWB5IrMiDmG6XtYvzG8w4MheK','voter'),
('user6','$2a$10$r9qODAv6AicXNlTZ2iyWnO4IXqGwAWB5IrMiDmG6XtYvzG8w4MheK','voter'),
('user7','$2a$10$r9qODAv6AicXNlTZ2iyWnO4IXqGwAWB5IrMiDmG6XtYvzG8w4MheK','voter'),
('user8','$2a$10$r9qODAv6AicXNlTZ2iyWnO4IXqGwAWB5IrMiDmG6XtYvzG8w4MheK','voter'),
('user9','$2a$10$r9qODAv6AicXNlTZ2iyWnO4IXqGwAWB5IrMiDmG6XtYvzG8w4MheK','voter'),
('user10','$2a$10$r9qODAv6AicXNlTZ2iyWnO4IXqGwAWB5IrMiDmG6XtYvzG8w4MheK','voter'),
('user11','$2a$10$r9qODAv6AicXNlTZ2iyWnO4IXqGwAWB5IrMiDmG6XtYvzG8w4MheK','voter'),
('user12','$2a$10$r9qODAv6AicXNlTZ2iyWnO4IXqGwAWB5IrMiDmG6XtYvzG8w4MheK','voter'),
('user13','$2a$10$r9qODAv6AicXNlTZ2iyWnO4IXqGwAWB5IrMiDmG6XtYvzG8w4MheK','voter'),
('user14','$2a$10$r9qODAv6AicXNlTZ2iyWnO4IXqGwAWB5IrMiDmG6XtYvzG8w4MheK','voter'),
('user15','$2a$10$r9qODAv6AicXNlTZ2iyWnO4IXqGwAWB5IrMiDmG6XtYvzG8w4MheK','voter'),
('user16','$2a$10$r9qODAv6AicXNlTZ2iyWnO4IXqGwAWB5IrMiDmG6XtYvzG8w4MheK','voter'),
('user17','$2a$10$r9qODAv6AicXNlTZ2iyWnO4IXqGwAWB5IrMiDmG6XtYvzG8w4MheK','voter'),
('user18','$2a$10$r9qODAv6AicXNlTZ2iyWnO4IXqGwAWB5IrMiDmG6XtYvzG8w4MheK','voter'),
('user19','$2a$10$r9qODAv6AicXNlTZ2iyWnO4IXqGwAWB5IrMiDmG6XtYvzG8w4MheK','voter'),
('user20','$2a$10$r9qODAv6AicXNlTZ2iyWnO4IXqGwAWB5IrMiDmG6XtYvzG8w4MheK','voter'),
('user21','$2a$10$r9qODAv6AicXNlTZ2iyWnO4IXqGwAWB5IrMiDmG6XtYvzG8w4MheK','voter'),
('user22','$2a$10$r9qODAv6AicXNlTZ2iyWnO4IXqGwAWB5IrMiDmG6XtYvzG8w4MheK','voter'),
('user23','$2a$10$r9qODAv6AicXNlTZ2iyWnO4IXqGwAWB5IrMiDmG6XtYvzG8w4MheK','voter'),
('user24','$2a$10$r9qODAv6AicXNlTZ2iyWnO4IXqGwAWB5IrMiDmG6XtYvzG8w4MheK','voter'),
('user25','$2a$10$r9qODAv6AicXNlTZ2iyWnO4IXqGwAWB5IrMiDmG6XtYvzG8w4MheK','voter'),
('user26','$2a$10$r9qODAv6AicXNlTZ2iyWnO4IXqGwAWB5IrMiDmG6XtYvzG8w4MheK','voter'),
('user27','$2a$10$r9qODAv6AicXNlTZ2iyWnO4IXqGwAWB5IrMiDmG6XtYvzG8w4MheK','voter'),
('user28','$2a$10$r9qODAv6AicXNlTZ2iyWnO4IXqGwAWB5IrMiDmG6XtYvzG8w4MheK','voter'),
('user29','$2a$10$r9qODAv6AicXNlTZ2iyWnO4IXqGwAWB5IrMiDmG6XtYvzG8w4MheK','voter'),
('user30','$2a$10$r9qODAv6AicXNlTZ2iyWnO4IXqGwAWB5IrMiDmG6XtYvzG8w4MheK','voter'),
('user31','$2a$10$r9qODAv6AicXNlTZ2iyWnO4IXqGwAWB5IrMiDmG6XtYvzG8w4MheK','voter'),
('user32','$2a$10$r9qODAv6AicXNlTZ2iyWnO4IXqGwAWB5IrMiDmG6XtYvzG8w4MheK','voter'),
('user33','$2a$10$r9qODAv6AicXNlTZ2iyWnO4IXqGwAWB5IrMiDmG6XtYvzG8w4MheK','voter'),
('user34','$2a$10$r9qODAv6AicXNlTZ2iyWnO4IXqGwAWB5IrMiDmG6XtYvzG8w4MheK','voter'),
('user35','$2a$10$r9qODAv6AicXNlTZ2iyWnO4IXqGwAWB5IrMiDmG6XtYvzG8w4MheK','voter'),
('user36','$2a$10$r9qODAv6AicXNlTZ2iyWnO4IXqGwAWB5IrMiDmG6XtYvzG8w4MheK','voter'),
('user37','$2a$10$r9qODAv6AicXNlTZ2iyWnO4IXqGwAWB5IrMiDmG6XtYvzG8w4MheK','voter'),
('user38','$2a$10$r9qODAv6AicXNlTZ2iyWnO4IXqGwAWB5IrMiDmG6XtYvzG8w4MheK','voter'),
('user39','$2a$10$r9qODAv6AicXNlTZ2iyWnO4IXqGwAWB5IrMiDmG6XtYvzG8w4MheK','voter'),
('user40','$2a$10$r9qODAv6AicXNlTZ2iyWnO4IXqGwAWB5IrMiDmG6XtYvzG8w4MheK','voter'),
('user41','$2a$10$r9qODAv6AicXNlTZ2iyWnO4IXqGwAWB5IrMiDmG6XtYvzG8w4MheK','voter'),
('user42','$2a$10$r9qODAv6AicXNlTZ2iyWnO4IXqGwAWB5IrMiDmG6XtYvzG8w4MheK','voter'),
('user43','$2a$10$r9qODAv6AicXNlTZ2iyWnO4IXqGwAWB5IrMiDmG6XtYvzG8w4MheK','voter'),
('user44','$2a$10$r9qODAv6AicXNlTZ2iyWnO4IXqGwAWB5IrMiDmG6XtYvzG8w4MheK','voter'),
('user45','$2a$10$r9qODAv6AicXNlTZ2iyWnO4IXqGwAWB5IrMiDmG6XtYvzG8w4MheK','voter'),
('user46','$2a$10$r9qODAv6AicXNlTZ2iyWnO4IXqGwAWB5IrMiDmG6XtYvzG8w4MheK','voter'),
('user47','$2a$10$r9qODAv6AicXNlTZ2iyWnO4IXqGwAWB5IrMiDmG6XtYvzG8w4MheK','voter'),
('user48','$2a$10$r9qODAv6AicXNlTZ2iyWnO4IXqGwAWB5IrMiDmG6XtYvzG8w4MheK','voter'),
('user49','$2a$10$r9qODAv6AicXNlTZ2iyWnO4IXqGwAWB5IrMiDmG6XtYvzG8w4MheK','voter'),
('user50','$2a$10$r9qODAv6AicXNlTZ2iyWnO4IXqGwAWB5IrMiDmG6XtYvzG8w4MheK','voter');

-- ELECTIONS
INSERT INTO elections (election_name) VALUES
('School President Election'),
('Tech Innovation Contest'),
('Employee of the Month'),
('Best Movie Award'),
('City Mayor Election');

-- ELECTION CANDIDATES (example with IDs matching generated elections)
INSERT INTO election_candidates (election_id, candidates) VALUES
(1, 'School Candidate 1'),
(1, 'School Candidate 2'),
(1, 'School Candidate 3'),
(2, 'Best Candidate 1'),
(2, 'Best Candidate 2'),
(2, 'Best Candidate 3'),
(2, 'Best Candidate 4'),
(3, 'Tech Candidate 1'),
(3, 'Tech Candidate 2'),
(3, 'Tech Candidate 3'),
(3, 'Tech Candidate 4'),
(3, 'Tech Candidate 5'),
(4, 'Employee Candidate 1'),
(4, 'Employee Candidate 2'),
(4, 'Employee Candidate 3'),
(5, 'Mayor Candidate 1'),
(5, 'Mayor Candidate 2'),
(5, 'Mayor Candidate 3');

-- ELECTION VOTERS (assign some random users)
INSERT INTO election_voters (election_id, voter_username) VALUES
(1, 'user4'), (1, 'user5'), (1, 'user6'), (1, 'user7'), (1, 'user8'), (1, 'user9'), (1, 'user10'),
(2, 'user11'), (2, 'user12'), (2, 'user13'), (2, 'user14'), (2, 'user15'), (2, 'user16'),
(3, 'user17'), (3, 'user18'), (3, 'user19'), (3, 'user20'), (3, 'user21'),
(4, 'user22'), (4, 'user23'), (4, 'user24'), (4, 'user25'), (4, 'user26'),
(5, 'user27'), (5, 'user28'), (5, 'user29'), (5, 'user30'), (5, 'user31');

-- ELECTION RESULTS (example with random votes)
INSERT INTO election_results (election_id, candidate_name, vote_count) VALUES
(1, 'School Candidate 1', 3),
(1, 'School Candidate 2', 2),
(1, 'School Candidate 3', 4),
(2, 'Best Candidate 1', 5),
(2, 'Best Candidate 2', 3),
(2, 'Best Candidate 3', 2),
(2, 'Best Candidate 4', 4),
(3, 'Tech Candidate 1', 1),
(3, 'Tech Candidate 2', 2),
(3, 'Tech Candidate 3', 3),
(3, 'Tech Candidate 4', 2),
(3, 'Tech Candidate 5', 1),
(4, 'Employee Candidate 1', 3),
(4, 'Employee Candidate 2', 2),
(4, 'Employee Candidate 3', 4),
(5, 'Mayor Candidate 1', 5),
(5, 'Mayor Candidate 2', 3),
(5, 'Mayor Candidate 3', 2);